otak anies baswedan capres favorit indonesia lebih pua n ganjar prabowo dll politis cerdas sudut pandang ;positif;5.0
elektabilitas prabowo subianto lesat survei lsp susul ganjar anies;positif;3.0
terima tapi belum pilih pilih anies ganjar pilih anies ganjar pilih prabowo teta p pilih prabowo yang pilih prabowo migrasi ganjar anies 2024 hitung;positif;15.0
hasil survei capres 2024 baru prabowo subianto ganjar pranowo;positif;3.0
survei lsp prabowo subianto terima pilih ganjar anies;positif;4.0
bp prabowo subianto bp ganjar pranowo negarawan wni asli yang peluang pimpin nkri;positif;6.0
lembaga survey menang ganjar prabowo survey ikut 2500 orang lokasi surveynys byk daerah non mus lim dangka n voting medsos yang ikut ratus ribu voting anies menang prosentase 7090 tahu bohong survey abal2;positif;0.0
anies hebat saat beres jabat sempat2nya sedia nemuin gelintir bani taikers wuahahaks pokok 2024 prabowo yang presiden kalo anies gubernur ibukota ikn ganjar gubernur j;positif;3.0
survei lsp prabowo kesan satu terima pilih ganjar anies;positif;4.0
survei capres prabowo atas susul ganjar anies;positif;3.0
prabowo kuasa medan perang anies ganjar ahy mending minggir;negatif;-3.0
sakit hati ya partai jokowi prabowo lesat tinggal hasil survei tidak k pe rcaya ta pi ijazah palsu omong orang tidak waras percaya moga pdo kuasa lanjut perintah;negatif;-7.0
sebut capres yang anis ganjar prabowo ahy bu puan ganjar tidak masuk hit ungan k arena sudah bukti hoby bokep emang presiden hoby nonton bokep;negatif;-13.0
rasah crewetklo bkn ganjar capres saya milih prabowo partai nya aja ttp pdipbiar ngrasain kalo emng glayang jangan d k sak g b aper knapa ktum partai g calon bupati dlu kek biar bs d cek trekrecord nya mem;negatif;-4.0
survei lsp elektabilitas prabowo tinggi susul ganjar pranowo anies;positif;3.0
survei capres lsp prabowo atas susul ganjar anies;positif;3.0
partai lucu  pdip dengan kuota 20 capres puan gerindra prabowo anies partai dengan kuota 20 pt lha psi bera pa ganja r orang p dip kudu izin dululah pdip  yenny sudah izin gusdurian entar dilepeh;negatif;-9.0
gas pasu prabowo yang garis drama ronde du gabung garis lagi lawan ganjar;negatif;-23.0
survei capres lsp prabowo atas susul ganjar anies;positif;3.0
sy ngga suka prabowo lawan anies baswedan sy pilih yang ngga golput mudah2 an aja capres ganjar v s an ies;negatif;-6.0
survei capres lsp prabowo atas susul ganjar dan anies;positif;3.0
hasil survei lsp prabowo terima pilih ganjar dan anies;positif;7.0
survei bukti prabowo sosok terima pilih ganjar anies;positif;1.0
elektabilitas prabowo subianto lesat survei lsp susul ganjar anies;positif;3.0
terima pilih ganjar anies survei lsp kesan satu lekat prabowo;positif;1.0
terima pilih ganjar anies survei lsp kesan satu lekat prabowo;positif;1.0
calon prabowo airlangga mbak puan ganjar anies erick anies yang d iserang banjir a da dimana2 jabodetabek kenapa anies yang serang;negatif;-8.0
terima pilih ganjar anies survei lsp kesan satu lekat prabowo;positif;1.0
elektabilitas prabowo subianto lesat survei lsp susul ganjar anies;positif;3.0
prabowo presiden jokowi wakil ;positif;3.0
poles aja trus sampai kinclong itu gigi manggil surveyor bayar koresponden yang disurvey kantor kemenhan ud ah l ah menang tu h prabowo;positif;2.0
kasih info lembaga yang ngeluarin survei nama pdb pusat data satu lembaga yang yang keluar hasil sur vei pi lpres 201 4 prabowo hatta unggul jokowi jk nyata;negatif;-9.0
otak anies baswedan capres favorit indonesia lebih pua n ganjar prabowo dll politis cerdas sudut pandang ;positif;5.0
prabowo milik institut teknologi adityawarman nijarsetiady;positif;1.0
semangat bpk prabowo tinggal presiden ri hancur kandrun kecebong;negatif;-1.0
kaya ok rival kampanye prabowo menteri pimpin jokowi;positif;9.0
gasah pakai surpa surpailo orang yng kecewa dng prabowo lari calon yng dukung jokowi yng tugas par tai pdip itulogik a simpely ya labuh anies yng usung nasdem;positif;5.0
elektabilitas prabowo subianto lesat survei lsp susul ganjar anies;positif;3.0
tuju anies baswedan calon 2024 seksi reportnya prabowo calon pre siden;negatif;-7.0
prabowo for ri 24;positif;0
terima tapi belum pilih pilih anies ganjar pilih anies ganjar pilih prabowo teta p pilih prabowo yang pilih prabowo migrasi ganjar anies 2024 hitung;positif;15.0
ya tidak sejati anis jkw isi kemas beda milu kemarin jkw lawan prabowo pa ra b uzer aja tidak tau a tau pura2 tidak tau ;negatif;-22.0
heran bang prabowo sudah aku kalo ilmu bawah jokowi clear yang diharapka n da ri sekar g aja yang nerusin ilmu rendah ambyaarrrr negara;positif;6.0
wajar takut prabowo kalah;negatif;-13.0
hasil pooling pasang super 2024 1 prabowo s sus p 90 2 prabowo s muhaimin i 10 654 vote;positif;10.0
sumpah prabowo ja langgar pa lagi masyarakat tempuh menang dr lawa see set elah menang g x rja;positif;0.0
hahah anis khilafah juga prabowo tuduh yang ujung ambyar mosok tidak kenal siap2 yang dn ter buka memperju angkan kh ilafah;negatif;-4.0
hasil survei capres 2024 baru prabowo subianto ganjar pranowo;positif;3.0
emang sudah rebut majuin prabowo jadi capres rebut cawapres prabowo;negatif;-6.0
survei lsp prabowo subianto terima pilih ganjar anies;positif;4.0
bp prabowo subianto bp ganjar pranowo negarawan wni asli yang peluang pimpin nkri;positif;6.0
kayak bakar jenggot ya prabowo deklarasi mingkem aja tanda anies sngt ditakutin pdip;positif;0.0
salah undang bos prabowo prabowo calon anies juga calon;positif;1.0
fernando dungu komitmen anies thdp prabowo komitmen beliau milu 2019 milu 2024 a w artaekono micoid read451987fernandotudinganiesakanpakaisegalacarauntukjadipresidentermasukkhianatiprabowodanrelamakanbabi;negatif;-5.0
belibet pilih anies perintah prabowo nyesel;negatif;-3.0
lawan2 politik tau jiwa satrianyainilah yang manfaat jadi tu mbal politik mere ka lebih prabowo senjata musuh ngerjain bukti d;negatif;-8.0
ntoa ris etweets maju mas budiman prabowo seru ;negatif;-1.0
wadddduuuuuh hancur lebur indonesia prabowo;negatif;-5.0
pndukung prabowo spt arb sda adl org2 bejad tabiat kasar orang novrinawawi smoga laknat allah;positif;0.0
kejut prabowo subianto legowo mundur capres pilpres 2024 temu surya paloh anakanak muda tc ooho7jye zaa tco8e8lwhl7lp;negatif;-3.0
gitu nggak milih prabowo 2024 setal uang jokowi;negatif;-5.0
biarin aja mas yang seperti gin jago keok buzzer anies bela prabowo pake isu pki juga k eok ;negatif;-2.0
aniesgabenerpembohong prabowo aja bohong khianat;negatif;-8.0
nenurut prabowo dilema;negatif;-3.0
singgung zulfan lindan faldo menteri pan mundur kabinet jokowi dukung prabowo capres pan kondi si s aat asman mundur;negatif;-4.0
prabowo ri1 gp ri2;positif;0
pndukung prabowo spt arb sda adl org2 bejad tabiat kasar orang novrinawawi;positif;0
1barisan mujahid lang hpdon had prabowo hpdonmenang pks3besar;positif;0
keren dewan2024 gerindra menang prabowo presiden;positif;12.0
maaf ya militian garis keras prabowo harap ubah lhaa lanjutin mantabs tidak l agi daah http stco pwesrapipu;negatif;-5.0
lembaga survey menang ganjar prabowo survey ikut 2500 orang lokasi surveynys byk daerah non mus lim dangka n voting medsos yang ikut ratus ribu voting anies menang prosentase 7090 tahu bohong survey abal2;positif;0.0
edar teks beranta prabowo mundur capres 2024;negatif;-1.0
alas usung anies baswedan bongkar loyalis prabowo nasdem nilai rezim jokowi gagal;negatif;-2.0
sandiaga relatif muda umur anies survei2 yang atas bagai cawapres k alo capres ra sanya ber at partai resmi calonin prabowo;negatif;-2.0
prabowo pasang erick tohir smg jadi pimpin 2024;positif;8.0
kita mati takut mati ciri khas paket hemat hidup penuh arti men ahan emosional prabowo;negatif;-12.0
pilih prabowo beliau dukung ijtima ulama dukung beliau taat ulama berar ti c alon peng huni nera ka yang pilih prabowo islamophobia;positif;14.0
cocok capres cawapres prabowo mardigu;positif;3.0
anies nyapres tidak beda jokowi yang boneka megawati 2024 anies boneka prabowo anies presiden ta pi a ktor dibe lakang ny a prabowo serta anjing anjing pks indonesia bangun tidur terj;negatif;-10.0
ahmad muzani prabowo lanjut program jokowi netizen istirahat;negatif;-2.0
tani harap prabowo sejahtera hidup mending prabowo dekade08;negatif;-10.0
anies hebat saat beres jabat sempat2nya sedia nemuin gelintir bani taikers wuahahaks pokok 2024 prabowo yang presiden kalo anies gubernur ibukota ikn ganjar gubernur j;positif;3.0
masyarakat dukung prabowo sandiaga kirim berita baik sumber posting yda olg8znd;positif;2.0
kita percaya benar menang ajar agama dunia benar menang ragu jala n ya ng  prabowo;positif;6.0
prabowo anies nilai hati rakyat;positif;3.0
elektabilitas prabowo subianto lesat survei lspiya tah ;positif;0
prabowo terpa hoaks mundur capres dasco gerindra fokus juang menang pilpres 2024;negatif;-5.0
kalo prabowo hashim djojohadikusumo serta ponakan saraswati djojohadikusumo y bagus nih o m ma kin kuat mem bukti isi paksin om 22;negatif;-8.0
had suara optimisme prabowo presiden bawa sejahtera masyarakat mending prabowo co lwrdjdhov y dekade0 8;negatif;-4.0
sudah coblos prabowo untuk 2024 kluarga pilih yang ;positif;2.0
karena satusatunya harap makmur tani buruh subsidi pupuk butuh masyarakat dukung prabowo pre side n masyarak at rasa perintah pihak tani buruh  mending prabowo;negatif;-3.0
komitmen prabowo tani tambak nelayan dagang rakyat geser mending prabowo tco eq1vn9cw 2h dekade 08;negatif;-11.0
kelompok tani tambak camat kabupaten lamongan jawa timur harap prabowo subianto presiden ri mene rusk an mi mpinan pr esiden joko widodo 2024 mending prabowo dekade08;negatif;-11.0
nelayan tambak kali dukung prabowo nyapres tani lamongan jawa timur mend ing prabowo h ttpst colxucvjnxdn dekade08;positif;1.0
yang pilih prabowo ri 1 sudah khianat dukung kalo ri 1 rakyat yang dikhiana ti prabowo bilang il mu jokowi msh atas prabowo kalo ri 1 negara tidak hancur;positif;2.0
menhan prabowo silaturahmi presiden jokowi keluarga yogya ajak anak wayang;negatif;-2.0
kami harap dukung prabowo presiden 2024 peduli subsidi butuh pet ani kesejaht era tani buruhburuh aktivitas tani  hak mending prabowo;negatif;-5.0
dengan aneka mnjegal pencapresan aniesdikatakan langgar janji kpd prabowomemang janji harus umur hidup fernando g oblo kmakan b abi mat amu provokasi kpk formula ememang alir duit anies prof romlibego;positif;0.0
sudah masuk kubu anies aja prabowo demokrat biar selamat indonesia;positif;0.0
prabowo subianto terjang hoaks mundur capres analis politik elektabilitasnya moncer;negatif;-3.0
saya lihat lihat cocok ni prabowo presiden 2024 mendingprabowo dekade08;positif;12.0
masyarakat prioritas prabowo subianto mendingprabowo dekade08;positif;0
indonesia kalo tidak prabowo mendingprabowo dekade08;positif;0
lebih prabowo subianto banding calon milik tingkat elektabilitas gimmick po liti k p encitraan mendingprabowo dekade08;negatif;-1.0
siswono prabowo milik peduli serius butuh tani mendingprabowo d ekad e08;negatif;-5.0
harap prabowo presiden peduli subsidi butuh tani dem i sejahtera an tani buruhburuh libat aktivitas tani hak;negatif;-6.0
tani harap prabowo sejahtera hidup mendingprabowo dekade08;negatif;-7.0
haahaaahaaaprabowo nyebur laut aja;positif;1.0
kami dukung prabowo subianto tani rasa dampak langsung cabut subsidi perintah saa t ka mi prabowo presiden subsidi lanjut ;positif;2.0
survei capres dki elektabilitas prabowo tinggi mendingprabowo dekade08;positif;0
cara2 basi untuk ganjal aniesdgn sell ingkar kpd prabowomaksudnyaselagi prabowo capresanies tidak capres enda smumeman g dibele nggu janji kiamatdipilih pilih hak warga negara;negatif;-10.0
survei polstat elektabilitas capres prabowo subianto atas jakarta mendingprabowo dekade08;positif;0
prabowo subianto banjir dukung masyarakat jawa timur mendingprabowo dekade08;positif;0.0
agus pramono pandang prabowo figur presiden bowo mending prabowo dekade08;positif;4.0
masyarakat prioritas prabowo subianto mendingprabowo dekade08;positif;0
indonesia kalo tidak prabowo mendingprabowo dekade08;positif;0
survei ssi prabowo subianto unggul nama capres;positif;0
prabowo subianto banjir dukung masyarakat jawa timur mendingprabowo dekade08;positif;0.0
dibisikin tidak prabowo menang pilpres 2019;positif;4.0
maksain banget ngedongkrak prabowo emas coba buka polling twitter aja kalo berani;positif;4.0
seru pilpres 2024 anies vs prabowo;negatif;-5.0
siswono prabowo milik peduli serius butuh tani mendingprabowo d ekad e08;negatif;-5.0
tani harap prabowo sejahtera hidup mendingprabowo dekade08;negatif;-7.0
survei polstat elektabilitas capres prabowo subianto atas jakarta mendingprabowo dekade08;positif;0
survei capres 2024 warga jakarta cenderung pilih prabowo subianto mendingprabowo dekade08;positif;0.0
had suara optimisme prabowo presiden bawa sejahtera masyarakat prab owo mend ingprabow o dekade08;negatif;-1.0
lebih prabowo subianto banding calon milik tingkat elektabilitas gim mick politik citra mending prabowo dekade08;negatif;-2.0
karena satusatunya harap makmur tani buruh subsidi pupuk butuh masyarakat dukung prabowo pre side n masyarak at rasa perintah pihak tani buruh  mending prabowo;negatif;-3.0
prabowo subianto serang hoaks mundur capres partai gerindra angkat bicara;negatif;-1.0
survei lsp prabowo kesan satu terima pilih ganjar anies;positif;4.0
lebih prabowo subianto banding calon milik tingkat elektabilitas gim mick politik citra mending prabowo;negatif;-2.0
dukung prabowo elemen masyarakat beliau figur ganti jokowi p enga laman m enguasai bangsa juang tulus rakyat mending prabowo dekade08;positif;2.0
dukung masyarakat prabowo beliau tokoh dukung presiden soso knya tulu s ikhlas visi maju indonesia mending prabowo dekade08;positif;14.0
teliti indikator politik indonesia bawono kumoro papar lebih prabowo subianto banding nama digadanggadang seb aga calo n preside n 2024 mending prabowo dekade08;negatif;-9.0
masyarakat kualitas prabowo prabowo sudah alam ngurus negara menteri sudah tau masala han tanta ngan indo nesia mending prabowo dekade08;negatif;-7.0
sok tau kali kau lae kemarin prabowo kau jilat si anies kau jilat dasar tukang jilat kau lae maksud kau ka lau anies jad i preside n ecek ecek kau jatah menteri mimpikau lae;negatif;-19.0
prabowo tokoh alam perintah beliau kuasa problem masyarakat 2024 beliau preside n m ending pr abowo htt pstcox3kpwkxbts dekade08;negatif;-2.0
ayo masyarakat indonesia dukung prabowo prabowosandiagamenang;positif;8.0
jangan cari makan cari kaya hati mantap taruh gambar pahlawan dil hat perjuanga nnya terus citacita jaga nilainilai lihat niat prabowo;positif;3.0
survei capres prabowo atas susul ganjar anies;positif;3.0
karena satusatunya harap makmur tani buruh subsidi pupuk butuh masyarakat dukung prabowo pre side n masyarak at rasa perintah pihak tani buruh  mending prabowo;negatif;-3.0
kami harap dukung prabowo presiden 2024 peduli subsidi butuh pet ani kesejaht era tani buruhburuh aktivitas tani  hak mending prabowo;negatif;-5.0
kami dukung prabowo subianto tani rasa dampak langsung cabut subsidi perintah saa t ka mi prabowo presiden subsidi lanjut mending prabowo dekade08;negatif;-1.0
teliti indikator politik indonesia bawono kumoro papar lebih prabowo subianto banding nama digadanggadang seb aga calo n preside n 2024 mending prabowo dekade08;negatif;-9.0
bagai tani rasa dampak langsung cabut subsidi perintah prabowo presiden su bsid i be rlanjut  tani nama abdul hak mending prabowo dekade08;negatif;-5.0
prabowo kuasa medan perang anies ganjar ahy mending minggir;negatif;-3.0
karena satusatunya harap makmur tani buruh subsidi pupuk butuh masyarakat dukung prabowo pre side n masyarak at rasa perintah pihak tani buruh  mending prabowo;negatif;-3.0
had suara optimisme prabowo presiden bawa sejahtera masyarakat mending prabowo co nwovy7nc4 0 dekade0 8;negatif;-4.0
sakit hati ya partai jokowi prabowo lesat tinggal hasil survei tidak k pe rcaya ta pi ijazah palsu omong orang tidak waras percaya moga pdo kuasa lanjut perintah;negatif;-7.0
komitmen prabowo tani tambak nelayan dagang rakyat geser mending prabowo tco lwrdjdho vy dekade 08;negatif;-11.0
kelompok tani tambak camat kabupaten lamongan jawa timur harap prabowo subianto presiden ri mene rusk an mi mpinan pr esiden joko widodo 2024 mending prabowo dekade08;negatif;-11.0
nelayan tambak kali dukung prabowo nyapres tani lamongan jawa timur mend ing prabowo h ttpst collvb8xmmhd dekade08;positif;1.0
presidential threshold fix 20 juang black campaign anies baswedan ko k an eh i ni black campaign ganjar pranowo puan maharani prabowo subianto bena;negatif;-3.0
sebut capres yang anis ganjar prabowo ahy bu puan ganjar tidak masuk hit ungan k arena sudah bukti hoby bokep emang presiden hoby nonton bokep;negatif;-13.0
indonesia kalo tidak prabowo mending prabowo dekade08;negatif;-3.0
prabowo nilai h rais sosok disiplin mending prabowo dekade08;positif;8.0
elektabilitas prabowo capai titik maksimal prabowo manuve r ya ng sif at cit raan kampanye mending prabowo dekade08;positif;6.0
bawono kumoro papar lebih prabowo subianto banding nama digadanggadang calon presiden 2024 mending prab owo tcow tkmtoeqev dekade08;negatif;-6.0
mari dukung prabowo capres 2024 capres 2029 capres 2034 dst batas calon presiden presiden ri untu k preside n ri anie s baswedan;positif;6.0
dukung masyarakat prabowo beliau tokoh dukung presiden soso knya tulu s ikhlas visi maju indonesia mending prabowo dekade08;positif;14.0
hasil survei elektabilitas calon presiden milu 2024 hasil elektabilitas ketua partai gerindra prabowo subianto me ndin g prabowo tcobuqiwtiwnp dekade08;positif;9.0
masyarakat kualitas prabowo prabowo sudah alam ngurus negara menteri sudah tau masala han tanta ngan indo nesia mending prabowo dekade08;negatif;-7.0
sumpah jadi ilfeel ma prabowo dlu dukung 2019 tapi pas nyemplung kolam dengan alas bela bangsa hilang resoect saya;negatif;-3.0
msh baris dengan prabowo2 kali juga kalah skrgprabowo pihak jokowi;negatif;-4.0
prabowo pas ganti jokowi visi misi beliau nyata indonesia mandiri beliau mengoptim alka n sumber daya alam sejahtera masyarakat mending prabowo dekade08;negatif;-1.0
kami harap dukung prabowo presiden 2024 peduli subsidi butuh pet ani kesejaht era tani buruhburuh aktivitas tani  hak mending prabowo;negatif;-5.0
dasar survei indikator politik indonesia elektabilitas prabowo subianto alami tren turun dasar survei calon pre siden yan g gelar september 2022 mending prabowo dekade08;negatif;-9.0
kemarin tani nelayan tambak lamongan deklarasi dukung prabowo prabowo presiden beliau figur presiden mending prabowo dekade08;positif;10.0
masyarakat kuat dukung prabowo beliau sosok visi misi indonesia mandiri mending prabow o ht tpstc oo5qbyn9 xbs dekade08;positif;10.0
prabowo subianto mundur capres 2024;positif;0
tingkat elektabilitas milik prabowo subianto murni asal nilai publik kualitas kapasitas d iri ha sil penci tra media sosial mending prabowo dekade08;positif;10.0
ketua komisi b dprd jember fraksi gerindra siswono prabowo milik peduli serius butuh tani mending p rabo wo tcopr y3agskyg dekade08;negatif;-5.0
tani kabupaten jember harap prabowo tang pilpres mending prabowo dekade08;negatif;-6.0
bawono elektabilitas prabowo capai titik maksimal mending prabowo 85ks x dekade0 8;negatif;-1.0
tani deklarasi dukung prabowo subianto lahan tebu desa kawangrejo rabu 12102022 mending prabowo co gbviunn1w z dekade0 8;positif;4.0
siswono prabowo milik peduli serius butuh tani mending prabowo dekade08;negatif;-8.0
dasar survei ada lembaga political statistics polstat kait elektabilitas capres tingkat dki j akar ta menggamba rkan pilpres 2024 mending prabowo dekade08;negatif;-10.0
prabowo presiden yakin juang aspirasi tani lanjut subsidi mending prabowo ht tps tcomg ew1wq9mm dekade08;negatif;-3.0
survei capres jakarta prabowo subianto unggul mending prabowo dekade08;negatif;-3.0
prabowo subianto dukung tani kabupaten jember jawa timur maju pilih presiden 2024 mendi ng p rabowo ht tpstc okrqpxpsxdc dekade08;positif;9.0
kokoh goyah tingkat nasional tingkat dki jakarta elektabilitas ketua gerindra prabowo subianto ber tahan posisi atas teliti senior polstat apna permana mending prabowo dekade08;negatif;-10.0
karena satusatunya harap makmur tani buruh subsidi pupuk butuh masyarakat dukung prabowo pre side n masyarak at rasa perintah pihak tani buruh  mending prabowo;negatif;-3.0
abang mending konsen aja up prabowo tidak jelek2in anies kasi loh pupuh prabowo sudah ngasih project tapi bom ab ang up;negatif;-5.0
survei baru lembaga political statistics polstat tingkat dki jakarta elektabilitas prabowo calon pres den ti nggi deng an angka 246 persen mending prabowo dekade08;negatif;-3.0
lembaga survei political weather station rilis hasil survei elektabilitas calon presiden milu 2024 ketua partai gerindra prabo wo s ubianto p aling ata s mending prabowo dekade08;positif;3.0
salah lebih prabowo subianto banding calon presiden milik tingkat elektabilitas ti dak me laku g immick politik citra media sosial mending prabowo dekade08;positif;1.0
prabowo manuver sifat citra kampanye mending prabowo dekade08;negatif;-1.0
kami dukung prabowo subianto tani rasa dampak langsung cabut subsidi perintah saa t ka mi prabowo presiden subsidi lanjut mending prabowo dekade08;negatif;-1.0
jujur tim prabowo kecam 2019 sk yang ttd priyo budi santoso teman nda imbal s atu rupiapun ikhlas juang;positif;1.0
survei capres dki elektabilitas prabowo tinggi mending prabowo dekade08;negatif;-3.0
saya hakkul prabowo betulbetul peduli tani luas prabowo milik peduli serius had ap k ebutuhan tani  mending prabowo dekade08;negatif;-1.0
elektabilitas capres prabowo subianto kokoh goyah tingkat nasional tingkat dki jakarta elektabilitas k etua ger indra tahan posisi atas teliti polstat apna permana mending prabowo dekade08;negatif;-7.0
kayak si dhani tim sukses prabowomending pilih anies;positif;2.0
dukung serah partai dukung prabowo subianto agus mending prabowo kru dekade08;positif;2.0
agus dukung prabowo murni tunggang penting mending prabowo dekade08;positif;0.0
gedabrus bengeksemua juga taukalo pilih prabowo rata2 skr pindah aniesyg pilih skr cma anggota parati grn dra s dranya ;negatif;-2.0
komunitas seniman surabaya dukung penuh prabowo mending prabowo dekade08;negatif;-2.0
agus pramono pandang prabowo figur presiden mending prabowo eac tct2pj5 d ekade08;positif;4.0
agus pramono sepakat dukung prabowo maju pilpres mending prabowo dekade08;positif;5.0
deklarasi dukung prabowo subianto nilai layak presiden mending prabowo nf d ekade08;positif;7.0
forum komunitas budaya lintas agama seniman profesi kota surabaya dukung prabowo subianto pilpres 2024 mending prabowo ht tps tcou5 e6slvexc dekade08;negatif;-9.0
forum komunitas budaya seniman surabaya deklarasi dukung prabowo pilpres 2024 mending prabowo dekade08;negatif;-2.0
kami prabowo amanah presiden masalah hadap tambak tani selesai s ecar a d an moga tambak tani hidup sejahtera masud mending prabowo dekade08;negatif;-8.0
had suara optimisme prabowo presiden bawa sejahtera masyarakat mending prabowo co xmpmpd07l r dekade0 8;negatif;-4.0
ismawan sadar komitmen prabowo maju sejahtera tani tambak nelayan dagang rakyat k ecil men ding prabowo dekade08;negatif;-4.0
debat capres 79 program jokowi yang cela prabowo skrg muncul caption akannla jutkan program jokowi buss settt;negatif;-4.0
2024 urus politik dukung sepenuh prabowo presiden agus mend ing prabowo h ttpst co8wg3irqpyh dekade08;positif;7.0
kelompok tani tambak camat kabupaten lamongan jawa timur harap prabowo subianto presiden ri mene rusk an mi mpinan pr esiden joko widodo 2024 mending prabowo dekade08;negatif;-11.0
nelayan tambak kali dukung prabowo nyapres tani lamongan jawa timur mend ing prabowo h ttpst confinlr0vwt dekade08;positif;1.0
elemen masyarakat deklarasi dukung ketua partai gerindra prabowo subianto calon baga i calon p residen capres milu 2024 mending prabowo dekade08;positif;4.0
tani lamongan dukung prabowo presiden mending prabowo dekade08;positif;4.0
h rais nilai prabowo menteri prestasi mending prabowo dekade08;positif;8.0
prabowo nilai pas tata hidup bangsa indonesia pasca presiden mending prabowo dekade08;positif;2.0
prabowo salah menteri prestasi salah menteri kabinet presiden jokowi punya i ja ringan in nasion al kuat h rais mending prabowo dekade08;negatif;-2.0
bapak prabowo subianto menteri tulus rakyat h rais mending prabowo dek ade0 8;positif;4.0
had suara optimisme prabowo presiden bawa sejahtera masyarakat mending prabowo co dwomjsxnl q dekade0 8;negatif;-4.0
hihi orang orang prabowo gerindra seperti pdip niye;positif;0
prabowo visi misi beliau peduli hidup tani nelayan tambak dagang pasar m endi ng prabow o tcofeun8d5wlt dekade08;negatif;-6.0
h rais prabowo subianto jabat menteri tahan ri nilai menteri keras raky at mendi ng prabow o dekade08;positif;3.0
komitmen prabowo tani tambak nelayan dagang rakyat geser mending prabowo tco mdi8eo71 4g dekade 08;negatif;-11.0
500 massa nama dirimya rawan sahabat prabowo kabupaten gresik lamongan gelar deklarasi dukung terhada p pe ncalonan prabowo s ubianto calon presiden pilpres 2024 mending prabowo dekade08;positif;0.0
dapat figur prabowo peduli nasib tani tambak mending prabowo dekade08;negatif;-4.0
kompak sahabat prabowo gresik lamongan gelar deklarasi mending prabowo dekade08;negatif;-2.0
saya lihat lihat cocok ni prabowo presiden 2024 mending prabowo dekade08;positif;9.0
masyarakat prioritas prabowo subianto mending prabowo dekade08;negatif;-3.0
kokoh goyah tingkat nasional tingkat dki jakarta elektabilitas prabowo tahan posisi tera tas me nding pra bowo dekade08;negatif;-4.0
citra prabowo bilang publik nilai jernih kerja prabowo mending prabowo co8 mnnqjibw8 dekade08;positif;10.0
lebih prabowo subianto banding calon milik tingkat elektabilitas gim mick politik citra mending prabowo;negatif;-2.0
elektabilitas prabowo capai titik maksimal prabowo manuve r ya ng sif at cit raan kampanye mending prabowo dekade08;positif;6.0
pimpin presiden negara konsistensi jaga ingat mending prabowo olt odpoxa9f dekade08;negatif;-2.0
presiden jokowi pesan luntuk presiden lirik prabowo mending prabowo dekade08;positif;0.0
hak orang bos dukung kalo dukung anies ya monggo kalo dukung prabowo monggo dukung puan monggo g a yang mema nggilmu anjing;positif;28.0
haha orang gerindra orang prabowo;positif;0
lsp lembaga survey prabowo;negatif;-3.0
kelompok kadrun albiadab kalo bkn bego tolol 20 thn prabowo blokir usa jam jam yono blokir tsb dibu ka yang yang anies anak buah jokowi ken lihat;negatif;-21.0
drun dengar baik2 kuat prabowo aja kalah anus kamu banggain otak kamu mana;positif;0.0
singgung zulfan lindan faldo menteri pan mundur kabinet jokowi dukung prabowo capres pan kondisi saa t asman m undur ht tpstcoxs20nyr5ws;negatif;-4.0
dorong duet dengan sisi angkat partai suara parleme n sa tu sisi m emenuhi k e ingin rakyat biar hidup prabowo negri kuatrela tri jokowikenap;negatif;-5.0
prabowo jangan bahas bos juang yang nya aja anies presiden insya allah;positif;11.0
video prabowo subianto mundur capres edar medsos ketua hari partai gerindra dasco video tid ak tcoou9uty4grv;positif;2.0
video prabowo subianto mundur capres edar medsos ketua hari partai gerindra dasco video tid ak tcogrfx79iwbr;positif;2.0
rasah crewetklo bkn ganjar capres saya milih prabowo partai nya aja ttp pdipbiar ngrasain kalo emng glayang jangan d k sak g b aper knapa ktum partai g calon bupati dlu kek biar bs d cek trekrecord nya mem;negatif;-4.0
semangat juang irsoekarno prabowo;negatif;-4.0
prabowo yang pesan tv one yang real donk kasih berita;negatif;-6.0
saya salah yang akanninggalin prabowo hahaa;negatif;-4.0
prabowo vs anies prabowo rival berat anies pilpres 2024 satu lawan ahok 2017 catur politik dim ulai;negatif;-4.0
prabowo terpa hoaks mundur capres dasco gerindra fokus juang menang pilpres 2024;negatif;-5.0
heuahuehaeuhahashhahehheuahwuwhahwhhahwhaha kek tar saya pilih prabowo deh;positif;2.0
prabowo bau tanah tpi nafsu birah nya;negatif;-7.0
loyalis prabowo nyata intervensi gugat ijazah palsu jokowi bui;negatif;-2.0
itu zer prabowo atas susul jago den bokep yang ke3 anies tidak serang aja prabowo anies ancam menu rut lsp h;negatif;-6.0
pasang sipil militer duet prabowo erick thohir serasi latar kuat indo nesia sem akin berd aulat;positif;1.0
pliis kang survei jangan kasih harap dongkasihaann prabowo;negatif;-4.0
topi sahabat prabowo ;negatif;-4.0
kiko cosplay kopasus ya bubeks biar gagah gitu kaya prabowo;negatif;-2.0
cari literasi berita isu sudah dri pilpres 2019 tim menang prabowosandi petinggi dri ugm klu tidak gugat pilpres 2019;positif;0.0
dr semenjak pilpres kalah terus prabowo jokowi udh stres omtinggal nunggu rawat grogol ap a lagi syarat 2 0emang nasdem brp ;negatif;-10.0
prabowo subianto pres ri 2024 bertanggungjawab proyek kac jktbdg waris jokowi pdip;negatif;-2.0
survei lsp elektabilitas prabowo tinggi susul ganjar pranowo anies;positif;3.0
km siapa om prabowo;positif;0
monggo satu insyaallah satu sukses tambah betulbetul yakinka n k ita hadap pandang presiden 2024 kecuali prabowo  mending prabowo;positif;9.0
survei capres lsp prabowo atas susul ganjar anies;positif;3.0
lucu yaa putar ulang debat jokowi prabowo ;positif;1.0
min hr ktmu prabowo gimana kek getar sentuh mata ku t erbang sa mpai l angitt;negatif;-7.0
prabowo lelah politik panggil jiwa kesatria sedia;positif;0.0
kampanye pilpres 2019 prabowo gebrakgebrak meja teriakteriak tentang caci bijak jokowi 2024 presiden unt uk melanj utkan keb ijakan jokowi sampah;negatif;-7.0
tegas video prabowo mundur capres hoaks dasco gerindra fokus juang menang pilpres 2024;negatif;-1.0
muncul hoaks prabowo mundur capres 2024 analisa amat;negatif;-3.0
prabowo sosok yang tulus jiwa budi luhur;positif;4.0
males pilih prabowo ;negatif;-2.0
titis tuhan kena keprak palak 2x pake kardus gin sudah tidak dukung prabowo kandrun ntar tuha n kamu marah lh o;negatif;-4.0
sulit aku nyata prabowo orang kali milu pilih prabowo unt 20 24 s aya mohon maaf kal au pilih anies;positif;0.0
dpp gerindra respon surat adu prabowo;negatif;-1.0
program jokowi utang utang prabowo ngutang ;negatif;-8.0
cebong vs kampret th 2014 cebong asal dr pelihara jokowi kampret asal dr kat a koalisi merah pu tih bentuk prabowo dr gerindra golkar pan ppp pkb pks;negatif;-6.0
partai lucu  pdip dengan kuota 20 capres puan gerindra prabowo anies partai dengan kuota 20 pt lha psi bera pa ganja r orang p dip kudu izin dululah pdip  yenny sudah izin gusdurian entar dilepeh;negatif;-9.0
prabowo tidak kapok kapok bohong lembaga survey siaga jangan sampai hatrick tar malu ;negatif;-18.0
elektabilitas prabowo tinggi survei capres lsp;positif;0
prabowo kalah beliau menhan yang menang dukung jokowi sampe maki2 orang jadi itu kenal sm jok owi per ti prabow o kenal juga tidak;positif;0.0
prabowo sip nya king maker bang nasehat presiden beliau jiwa satu unt uk k emajuan i ndonesia jalan sendiri2 untung oligarki taipan;positif;2.0
bowo bangun sadar nasional pemuda indonesia pemuda sadar politik ayo tonton video yang gaga san dadi bowo  abowo bowo2024 bowopresiden prabowopresiden mypresidentid prabowosubianto;negatif;-1.0
berat urus indonesia apalgi tidak menteri yang smi et basuki prabowo 80 menteri jokowi;positif;0
pokok dukung prabowo nyapres kelak pasang jan ethes ;positif;9.0
filing ditingkungan prabowo dukung total ;positif;4.0
gimana gus pa sangan de ngan prabowo gelappp;negatif;-5.0
saat jokowi pilih sandi prabowo tri nasdem surya paloh tidak dengar komplain nya nasdem pilih sikap m emil ih anies knpa tidak nerima pikir sikap nasdem dewasa terima dukung;positif;16.0
direktur riset kaji lingkar suara publik lsp indra nuryadin sebut prabowo subianto urut dal am survei baru prabowosubianto;positif;3.0
monggo satu insyaallah satu sukses tambah betulbetul yakinka n k ita hadap pandang presiden 2024 kecuali prabowo  mending prabowo;positif;9.0
lembaga survei prabowo lsp;negatif;-3.0
kta gerindra males pilih prabowo;negatif;-2.0
nama prabowo bu dok legowo ;positif;4.0
hari kaum perempuan komunitas emakemak wira usaha kabupaten situbondo dukung sepenuh hati ba prabowo s ubianto d alam pilpres bukti kerja  bunda irma astutik mending prabowo;negatif;-7.0
doa prabowo sjafrie sjamsoeddin purnawirawan silaturahmi ponpes dalwa bangil;negatif;-4.0
beli keripik merek potato makan genteng kenal prabowo subianto calon presiden ganteng prabowosubia nto prabowop residen20 24 prabowopresiden pilpres2024 mendingprabowo dekade08 pantun presiden ganteng;negatif;-8.0
prabowo manaharusnya;positif;0
gas pasu prabowo yang garis drama ronde du gabung garis lagi lawan ganjar;negatif;-23.0
sudah tidak musuhmusuhan sudah masa teman indonesia satu prabowo indonesia prabowosubianto pra bowopresi den2024 prabowopresiden pilpres2024 mendingprabowo dekade08 indonesia jokowidodo presidenjokowi megawati aniesbaswedan;positif;0
hasil survei lsp masyarakat anggap prabowo sosok loyal jokowi;positif;3.0
doa prabowo sjafrie sjamsoeddin purnawirawan silaturahmi ponpes dalwa bangil;negatif;-4.0
survei lsp elektabilitas prabowo atas;positif;0
prabowo sukarno;positif;0
monggo satu insyaallah satu sukses tambah betulbetul yakinka n k ita hadap pandang presiden 2024 kecuali prabowo  mending prabowo;positif;9.0
hoax prabowo mundur capres 2024;negatif;-5.0
lanjut prabowokami pilih anies;positif;2.0
bayar prabowo 2019;negatif;-3.0
wan ngibul prabowo kiyeh;negatif;-4.0
info langit a1 doa prabowo nyapres kabar pending langit tuhan disposi si ak an diekse kus 2024;negatif;-5.0
benci ubunubun apa bukti yang tidak terima akal sehatap a ku rang heba tnya tim hukum prabowo sandi;negatif;-12.0
tegas video prabowo mundur capres hoaks dasco gerindra fokus juang menang pilpres 2024 lengkapcepatberitanya berita terk ta news beritanasional;negatif;-8.0
prabowo pramuka pramugari;positif;0
edar video prabowo mundur capres gerindra pasti hoax prabowo prabowosubianto peju ang indo nesia 20 24prabowopresiden gerindramenang kawalc1tps indonesiamaju adilmakmur indonesiaraya ;negatif;-6.0
bukti sy pilih gerindra prabowo 2014 2019 kali suara sy tidak a tersa lur pa rtai usung anies nasdem;negatif;-7.0
prabowotolong ajarin gus muhaimin pendekar biar krasain jatuh bangun nyapres gagal terus;negatif;-4.0
itung2annya prabowo capres pdip sih;positif;0
jalan prabowo kalah curang hahaha;negatif;-9.0
kolor benarbenar pkb stabilisator pkb sejuk pelekat prabowo gus muhaimin birojodoh mal amminggu;positif;0
loyal jokowi prabowo nyapres belum dukung jokowi dukung;positif;8.0
moga prabowo pilih capres;positif;3.0
program jokowi yang pro rakyatmau lanjut gitu untuk pilih prabowotidak beda dengan joko wi;positif;0.0
survei capres lsp prabowo atas susul ganjar anies;positif;3.0
sy ngga suka prabowo lawan anies baswedan sy pilih yang ngga golput mudah2 an aja capres ganjar v s an ies;negatif;-6.0
survei capres lsp prabowo atas susul ganjar dan anies;positif;3.0
anak buah prabowo gerak whahihi;negatif;-6.0
monggo satu insyaallah satu sukses tambah betulbetul yakinka n k ita hadap pandang presiden 2024 kecuali prabowo  mending prabowo;positif;9.0
monggo coba gaet pilih saja moga sukses capres ya prabowo;positif;12.0
hari kaum perempuan komunitas emakemak wira usaha kabupaten situbondo dukung sepenuh hati ba prabowo s ubianto d alam pilpres bukti kerja  bunda irma astutik mending prabowo;negatif;-7.0
survei lsp sosok prabowo satu terima publik;positif;2.0
dukung anies sbgian dri pndukung prabowo kalo prabowo nyapres cma sbgian p nduk ung wowo yang nyoblo s anies ya druun partai nasdem sndri pndukung jokowi yang anti anies;positif;6.0
hasil survei lsp prabowo terima pilih ganjar dan anies;positif;7.0
momen sjafrie sjamsoeddin purnawirawan silaturahmi ponpes dalwa bangil doa prabowo;negatif;-4.0
persepsi publik prabowo menteri loyal satu;positif;0
bismillahirrahmanirrahim moga allah swt sehat lahir batin prabowo subianto dib erik an muda han j uga menang prabowo subianto helat piplres 2024 mendatan;positif;12.0
kristen loh tapi maaf bullshit pksfpi iniprabowo dukung mrk juga wa ktu nyapres gabung jokowi kristen yang kecewa jokowi noemang kristen2 aja yang gampang cokok;negatif;-6.0
prabowo ya iya orang pas muda nya ganteng main blio ni;negatif;-1.0
hari kaum perempuan komunitas emakemak wira usaha kabupaten situbondo dukung sepenuh hati ba prabowo s ubianto d alam pilpres bukti kerja  bunda irma astutik mending prabowo;negatif;-7.0
2tanpa takut menghalu rintang hpdon had prabowo hpdonmenang pks3besar;negatif;-4.0
semangat prabowo moga capres abadi;positif;4.0
edar video prabowo mundur capres gerindra pasti hoax;negatif;-3.0
monggo satu insyaallah satu sukses tambah betulbetul yakinka n k ita hadap pandang presiden 2024 kecuali prabowo  mending prabowo;positif;9.0
ustadz husnul arifin mansur ajak guru ngaji majelis taklim kabupaten jember hadir silaturahim satu meme nang p rabowo me nding prabowo dekade08;positif;3.0
hari kaum perempuan komunitas emakemak wira usaha kabupaten situbondo dukung sepenuh hati ba prabowo s ubianto d alam pilpres bukti kerja  bunda irma astutik mending prabowo;negatif;-7.0
letnan jenderal tni purn johannes suryo prabowo sorot gaya pakai anggota polri dinil berita tarik uiew u;negatif;-5.0
karena prabowo yang byr survei nya yaaa;positif;0
kasihan prabowo dihembushembus angin sepoi jilat keliling tukang2 survey yang agresif nyari du it d i musim p ra pilpre s;negatif;-8.0
nama nekatsudah layak tinggal zamanduduk diam diam orang tua umumnyaapa yang jual dar i prabowo 2024 khianat an prabowo pilih susah lupa;negatif;-25.0
selesai latian band studio yang kaca gede niat prabowo nyapres;negatif;-6.0
masyarakat dukung prabowo sandiaga kirim berita baik sumber posting yda olgqj1l;positif;2.0
survei bukti prabowo sosok terima pilih ganjar anies;positif;1.0
prabowo janji jokowi bukti buka mata lebarlebar berfikir akal sehat pengaruh isu sara pil h pr esiden bu mim pin agama;negatif;-9.0
anies baswedan rebut dukung prabowo gerindra maklum lucu;negatif;-3.0
penasaranpilpres neno dukung prabowo tidak ya moment nyuruh dukung prabowo takbir klaim menang bikin saya ketawa n gaka kk i tu tcoeez8a6ipuq;positif;17.0
lsp lembaga survri prabowo;negatif;-3.0
elektabilitas prabowo subianto lesat survei lsp susul ganjar anies;positif;3.0
terima pilih ganjar anies survei lsp kesan satu lekat prabowo;positif;1.0
prabowo lelah politik panggil jiwa kesatria sedia;positif;0.0
survei lsp sosok prabowo satu terima publik;positif;2.0
monggo satu insyaallah satu sukses tambah betulbetul yakinka n k ita hadap pandang presiden 2024 kecuali prabowo  mending prabowo;positif;9.0
terima pilih ganjar anies survei lsp kesan satu lekat prabowo;positif;1.0
doa prabowo sjafrie sjamsoeddin purnawirawan silaturahmi ponpes dalwa bangil;negatif;-4.0
hasil survei lsp masyarakat anggap prabowo sosok loyal jokowi;positif;3.0
rebut jateng jatim bang biar prabowo jawa;negatif;-6.0
prabowo tidak nyapres lagi fokus nikmat tua dengan kebun urus negara s rahkan yang muda muda saj a;negatif;-11.0
prabowo lelah politik panggil jiwa kesatria sedia;positif;0.0
hebat ni p prabowo obyektif negarawan jossss;positif;0
prabowo tidak capres 2024 layar sempat yang muda prestasi pa k an ies;negatif;-4.0
calon prabowo airlangga mbak puan ganjar anies erick anies yang d iserang banjir a da dimana2 jabodetabek kenapa anies yang serang;negatif;-8.0
silaturahmi ponpes dalwa bangil sjafrie sjamsoeddin purnawirawan doa prabowo;negatif;-4.0
terima survei lsp kesan satu lekat prabowo;negatif;-1.0
doa prabowo sjafrie sjamsoeddin purnawirawan silaturahmi ponpes dalwa bangil;negatif;-4.0
survei lsp sosok prabowo satu terima publik;positif;2.0
survei lsp masyarakat nilai prabowo sosok loyal jokowi;positif;5.0
momen sjafrie sjamsoeddin purnawirawan silaturahmi ponpes dalwa bangil doa prabowo;negatif;-4.0
persepsi publik prabowo menteri loyal satu;positif;0
hadir acara menteri koordinator bidang politik hukum aman mahfud md menteri tahan prabowo su bian to m enteri so sial tri rismaharini;negatif;-11.0
terima pilih ganjar anies survei lsp kesan satu lekat prabowo;positif;1.0
msh malu prabowo janji slma prabowo nyapres si anis tidak nyapreseh tidak tau nyapresbul tekibul kibu l bulll corl0nrhoipf;negatif;-8.0
elektabilitas prabowo subianto lesat survei lsp susul ganjar anies;positif;3.0
tuo kandani angel wes istirahat ae prabowo dr pd buang fulus;negatif;-5.0
msh nilai pprabowo msh posisi tinggi bagai wapres;positif;5.0
survei lsp unggul elektabilitas prabowo kesan capres satu;positif;0
hasil survei lsp masyarakat anggap prabowo sosok loyal jokowi;positif;3.0
rakyat dukung prabowo beliau menteri kabinet jokowi rakyat simpati beliau tern yata cari untu k maju presiden;positif;5.0
2019 yang pilih gerindra karena usung prabowo lawan jokowi 2024 pilih pindah nasdem karena usung a nies tcouns icb2jlm;negatif;-3.0
tidur aja prabowo;negatif;-2.0
biar ib dukung layar diseret2 prabowo;positif;1.0
hari kaum perempuan komunitas emakemak wira usaha kabupaten situbondo dukung sepenuh hati ba prabowo s ubianto d alam pilpres bukti kerja  bunda irma astutik mending prabowo;negatif;-7.0
15 oktober tani jember awal dukung prabowo presiden ri 2024 salam kebangkitanindonesiaraya;positif;9.0
emang prabowo bs kerja jadi menhan prestasi natuna obok cina menhan tidak tau ya jangan mimpi jadi pre siden;positif;7.0
monggo satu insyaallah satu sukses tambah betulbetul yakinka n k ita hadap pandang presiden 2024 kecuali prabowo  mending prabowo;positif;9.0
survei lsp masyarakat nilai prabowo sosok loyal jokowi;positif;5.0
momen sjafrie sjamsoeddin purnawirawan silaturahmi ponpes dalwa bangil doa prabowo;negatif;-4.0
persepsi publik prabowo menteri loyal satu;positif;0
survei elektabilitas prabowo 318 persen;positif;2.0
survei lsp elektablitas prabowo subianto atas terima dukung ganjar anies detail cmw;positif;8.0
hasil survei lsp masyarakat anggap prabowo sosok loyal ke jokowi;positif;3.0
hasil survei lsp masyarakat anggap prabowo sosok loyal ke jokowi;positif;3.0
kita sadar rakyat harap bela rakyat benci orang kaya butuh orang kaya yan g ci nta tanah air tuju national building diri bangsa ini prabowo;negatif;-22.0
ya mbuka beliau sbnarny anies brsama jokowi caci pndukung prabowo bahk n sbut syia h a nies lepas dri jokowi dipuja2;negatif;-3.0
min tanyain prabowo resep ganteng pas muda gimana ;positif;0.0
anak yatim makassar doa prabowo subianto presiden pilpres 2024 mendingprabowo dekade08 f1u 9ecmfne;negatif;-4.0
capresnya puan gp prabowo siapa politik bungkus agama bang kamu jug a ba kalan jij ik kah kalau o nyata;negatif;-5.0
airlangga hartarto puan maharani prabowo subianto pegang kunci partai masingmasing;positif;1.0
p prabowo subianto bukti sukses pencak silat p sandiaga uno hobi olahraga p eric tohir alam tangan klub o raga duni a b rat u tisa sukses datang sty;positif;3.0
sakit tidak diinjek injek prabowo;negatif;-8.0
mantap saya tidak milih prabowo;positif;3.0
ayo masyarakat indonesia dukung prabowo prabowosandiagamenang;positif;8.0
moga alloh swt buka mata hati petinggi gerindra khusus prabowo hal pilih gubernur jakarta aamii n ya a robbal aalamiin;positif;4.0
moga alloh swt buka mata hati petinggi gerindra khusus prabowo hal k etik a pilih an gubern ur jakarta aamiin yaa robbal aalamiin;positif;2.0
prabowo;positif;0
hari kaum perempuan komunitas emakemak wira usaha kabupaten situbondo dukung sepenuh hati ba prabowo s ubianto d alam pilpres bukti kerja  bunda irma astutik mending prabowo;negatif;-7.0
survei lsp elektabilitas prabowo atas;positif;0
nyoblos prabowo pilpres;positif;0
otak anies baswedan capres favorit indonesia lebih pua n ganjar prabowo dll politis cerdas sudut pandang ;positif;5.0
gasah pakai surpa surpailo orang yng kecewa dng prabowo lari calon yng dukung jokowi yng tugas par tai pdip itulogik a simpely ya labuh anies yng usung nasdem agama juga kondisi dengan;positif;2.0
elektabilitas prabowo subianto lesat survei lsp susul ganjar anies;positif;3.0
tuju anies baswedan calon 2024 seksi reportnya prabowo calon pre siden;negatif;-7.0
terima tapi belum pilih pilih anies ganjar pilih anies ganjar pilih prabowo teta p pilih prabowo yang pilih prabowo migrasi ganjar anies 2024 hitung;positif;15.0
survei lsp prabowo subianto terima pilih ganjar anies sindonews bukanberitabiasa;positif;4.0
kayak bakar jenggot ya prabowo deklarasi mingkem aja tanda anies sngt ditakutin pdip;positif;0.0
salah undang bos prabowo prabowo calon anies juga calon;positif;1.0
fernando dungu komitmen anies thdp prabowo komitmen beliau milu 2019 milu 2024;negatif;-5.0
belibet pilih anies perintah prabowo nyesel;negatif;-3.0
biarin aja mas yang seperti gin jago keok buzzer anies bela prabowo pake isu pki juga k eok ;negatif;-2.0
